beta_hml,beta_mk,beta_mom,beta_smb,firmcode,industry,logv,sigma,skewness,region
0.002111333,0.87766139,0.087371195,-0.005359434,600000,17,10.12539582,0.4166878,-0.10648476,17
-0.011913697,0.60754161,0.10520505,0.010021175,600001,9,9.987034498,0.53606644,0.99238886,30
0.004652205,1.1559257,0.025732828,-0.009099774,600002,14,8.621410314,0.45996424,0.49229596,6
-0.003235327,0.74239446,0.10675194,0.016513616,600003,14,8.469751858,0.52123635,1.5523593,26
0.000926506,0.55077488,0.042473005,0.002473417,600004,9,9.037124504,0.45861464,-1.5856713,4
0.008074308,0.88920551,0.10071044,-5.37E-05,600005,10,10.66838695,0.59629414,-0.36166202,4
0.003519848,0.51955637,0.14384636,0.014077739,600006,19,9.423333219,0.52067322,0.10629572,2
0.002235919,0.67043355,0.097808003,0.006954651,600007,19,8.070808115,0.5011299,0.82208841,2
0.010478903,0.73178043,0.098401297,0.009898546,600008,14,9.400894035,0.50267722,-0.087082271,17
0.009928031,0.52194463,0.058963727,-0.000633232,600009,9,9.032113576,0.43632128,-0.90731783,10
-0.002966734,0.8190266,0.1057238,0.013322601,600010,12,10.41337658,0.51728528,0.53393039,2
0.022773373,0.51374072,0.059720725,0.00167457,600011,14,9.272930214,0.63391285,1.0022146,1
0.008011084,0.70678385,0.002232137,0.007976485,600012,17,8.999691326,0.80666287,5.8917426,2
0.008775573,0.52401417,0.12720553,-0.006794624,600015,17,10.56717696,0.56285188,0.18700513,2
0.004632587,0.89589384,0.052415528,-0.005834614,600016,14,11.17725348,0.36700245,-0.13616927,14
0.010623069,0.56802727,0.052158848,0.008069867,600017,14,9.686329801,0.88137744,1.3094985,17
0.010439091,0.82044596,0.079021792,0.009635857,600018,9,10.83192719,0.51260093,0.16280868,17
0.001544619,0.84259741,0.05203649,-0.000823419,600019,14,10.95783164,0.46744461,-0.66604004,31
-0.000597587,0.48744848,0.067314859,0.00801841,600020,12,9.488542325,0.45819898,0.14551,17
-0.001105196,0.63630732,0.072164416,0.016120792,600021,9,9.101881851,0.50736504,-0.1285638,14
0.000867839,0.98591905,0.091807578,0.009014977,600022,14,9.526084326,0.6436001,-0.60259295,17
0.008199328,1.0476132,0.016664752,0.001290253,600026,12,9.47948269,0.53399818,-0.54253445,14
-0.012032921,0.96645907,0.015431124,0.029597802,600027,2,9.977316286,1.0498536,2.3806446,2
0.00857156,0.76370453,0.055742031,-0.009984652,600028,14,11.03058481,0.45437479,-0.50060311,26
0.000724811,0.7438333,0.15418194,0.015134659,600029,17,10.48049609,0.7073724,0.14596277,26
-0.008556539,1.3074961,0.066549116,-0.003338545,600030,10,10.74730286,0.59865819,0.18401552,5
-0.005957244,0.9086851,0.12260276,0.003537142,600031,14,8.756922248,0.73098856,0.028222198,13
0.001947809,0.45333962,0.038174501,0.00221341,600033,14,9.292369751,0.42527352,0.31662119,4
0.054712201,0.81396453,-0.018352843,0.007812617,600035,17,9.063727121,0.8678283,4.3280404,26
0.000694682,0.90955998,0.016533055,-0.009163105,600036,20,10.87526875,0.42980633,0.019915908,2
0.014929478,0.48675998,0.11823679,-0.004210337,600037,10,8.855581434,0.78826687,3.8872013,3
-0.004315275,0.5944955,0.074118164,0.026747164,600038,13,7.390001103,0.72410084,0.99771393,18
0.020038957,0.69202744,0.058328825,0.032621191,600039,18,8.953663447,0.71156049,0.87273546,26
-0.007694902,0.66047349,0.098970531,0.001997958,600048,15,9.830010428,0.73391305,-0.081469813,17
-0.000286257,0.66951813,0.062758528,-0.002679945,600050,21,11.95623284,0.46942172,0.10174673,23
0.005138324,0.5303385,0.138253,0.021381094,600051,18,7.867570565,0.57540618,0.47253255,23
0.009365036,1.0738434,0.20371671,0.011163102,600052,18,8.580676537,0.70417177,0.85986423,8
0.007168135,1.0827114,0.16521994,0.021827339,600053,19,7.807880124,0.73631798,1.0350344,1
0.007386543,0.42096953,0.078635938,0.004535713,600054,10,7.378101225,0.45340787,0.40659527,2
0.014376881,0.60890938,0.15065707,0.020337299,600055,16,7.628098424,0.66021396,0.60446925,2
0.005668183,0.90697315,0.093037756,0.019285036,600056,8,7.56865046,0.57656483,0.63697239,13
0.005630869,0.60796314,0.1352332,0.034103269,600057,16,8.454409609,0.76793529,0.026997229,2
0.003371842,0.29248824,0.120751,0.004787009,600058,3,8.962320659,0.81995897,-0.27269516,23
0.009107073,0.12124447,0.18573388,0.004461546,600059,8,8.382194506,0.64121443,-0.022125076,14
-0.001465458,0.53536075,0.11618502,0.009297352,600060,7,8.4521254,0.54029714,0.15094404,17
-0.003226247,0.73757664,0.10877154,0.021003234,600061,11,8.406107988,0.61958953,-0.007383544,2
0.003679907,0.28156086,0.12425155,0.006063787,600062,7,7.881186887,0.64519407,-0.82003552,1
0.015323945,0.67929913,0.14390696,0.010700914,600063,18,8.260875307,0.6387184,0.75717958,7
-0.001431825,0.97225258,0.12414754,0.009738109,600064,10,8.150201354,0.48568053,0.47143407,31
0.014186473,0.59935745,0.11044631,-0.003435266,600066,10,7.912574337,0.42818244,-0.363264,13
0.010593345,0.78281412,0.10507502,0.01719126,600067,13,8.581620363,0.68031951,0.87550294,4
-0.001391257,0.72237887,0.15921804,0.013035,600068,6,9.253832622,0.62222467,2.1084899,31
0.009856741,0.83116871,0.10149728,0.022281434,600069,4,8.739494148,0.63444507,-0.26818106,23
-0.007032878,0.67236034,0.1221045,0.018901853,600070,10,7.668339027,0.64635818,0.94910595,8
0.013467623,0.66795698,0.097675589,0.021770602,600071,10,8.273777185,0.63561736,-0.065268318,17
-0.006431793,0.95307821,0.16277474,0.017899914,600072,3,8.474681854,0.78417315,0.98521934,17
-0.009170392,0.73266442,0.053500753,0.022781504,600073,7,8.612640198,0.68879607,-0.17794797,7
-0.003991568,0.79535547,0.084933142,0.016394322,600074,1,9.051583065,0.54450989,-0.052860999,21
0.003075663,0.77833106,0.075593614,0.01339972,600075,15,8.632374731,0.59484856,-0.55983327,14
0.005488944,0.76530479,0.12881954,0.03565975,600076,15,8.367532068,0.79100006,0.35643069,9
-0.012531181,0.94214488,0.099880272,0.026100031,600077,7,7.718540018,0.66783827,0.3839537,7
0.006360175,0.91808446,0.011934826,0.024097697,600078,21,8.947220887,0.64009546,-0.3577158,4
0.00407485,0.64101315,0.13772645,0.022335886,600079,11,8.553026424,0.61266783,0.34135508,16
-0.000531094,0.70806803,0.12655839,0.024286973,600080,10,8.200442504,0.59767282,0.35396454,17
-9.96E-05,0.71320263,0.16775427,0.024200717,600081,18,7.954217275,0.84772207,1.3044219,19
-0.006793186,0.93241563,0.082116858,0.022139137,600082,8,8.279437044,0.59582279,0.55270874,26
0.022201202,1.1833898,0.027946311,0.027734412,600083,16,7.827831796,0.65380268,0.53484246,21
0.002243029,0.5661239,0.21756437,0.021535494,600084,11,8.335417374,0.79807767,0.49492986,2
0.020281656,0.34325479,0.052611286,0.003925763,600085,4,7.982671418,0.46468592,0.70796659,4
0.025664032,0.76659151,0.14310129,0.023268377,600086,14,8.464401217,0.74939027,-0.3327307,7
0.016773392,0.67174957,0.083976442,0.011170576,600087,20,9.076500818,0.57215966,-0.51032176,17
0.005163101,0.879378,0.053929365,0.017749593,600088,10,8.067666221,0.6473839,-0.53858748,21
0.002950849,0.64596356,0.10642595,0.011097622,600089,3,8.962756077,0.60947555,1.0846507,21
0.029125311,0.71578557,0.074621701,0.023716025,600090,7,8.526207797,0.99978397,-2.7897566,10
0.00072371,0.66197383,0.10013645,0.02228992,600091,1,8.503811231,0.55530137,-0.26782277,18
0.009411601,0.60649781,0.06133848,0.023753805,600093,7,8.719404218,0.6968609,0.31608372,17
-0.003822129,0.96268648,0.086163375,0.024596799,600094,18,7.789288134,0.73207667,1.5698494,3
0.004906029,0.75882018,0.11071672,0.025586417,600095,7,8.446337651,0.58478866,0.001328695,22
-0.001726613,0.66982803,-0.067783711,-0.010075954,600096,10,8.471660033,0.84433113,-4.787942,23
-0.006520124,0.69130675,0.074837316,0.01907441,600097,12,7.07954246,0.67065713,0.82817773,26
0.00589331,0.61075167,0.11348178,0.010832239,600098,10,8.799724858,0.52218242,0.65330598,7
-0.002870736,0.84331957,0.13610216,0.030983338,600099,15,8.022765976,0.80086588,0.14574534,2
0.006297697,0.6342587,0.12254956,0.015043842,600100,12,9.185167835,0.63738222,0.31701963,18
0.003538573,0.74415446,0.009027345,0.016853695,600101,9,8.174774232,0.42838971,-0.37665314,14
0.008645332,0.4378607,0.37373479,0.000615886,600102,6,8.362935619,1.0903348,4.8208195,13
0.002818632,0.63233917,0.16246934,0.017032702,600103,10,9.382064389,0.5864112,0.86082031,17
0.001884131,0.79219361,0.16085266,0.006380603,600104,15,9.616178144,0.57787723,-0.13678771,7
0.002177244,0.71788491,0.089785329,0.025178099,600105,14,8.207500056,0.56599014,-0.004335228,25
0.00748527,0.4745137,0.11518651,0.012814543,600106,4,8.519223908,0.6525061,1.0661475,4
0.007304907,0.89584058,0.098059675,0.015709968,600107,1,8.735536456,0.56876207,0.99718325,24
-0.003684206,0.77812869,0.13680016,0.026856276,600108,21,9.874004569,0.71985317,0.82641663,18
0.016125467,1.2570615,0.025567495,0.005783381,600109,11,7.94075697,0.7056282,1.1515887,6
0.008677042,0.89648317,0.10999041,0.019964536,600110,9,9.063544109,0.72161689,0.33737703,10
-0.8128019,3.0249526,5.4808061,0.57136511,600111,10,9.007328732,73.99228,10.196292,28
-0.003320576,0.62397345,0.13841973,0.026192479,600112,11,7.944562055,0.69897196,0.33143208,23
0.000833634,0.60751183,0.075432666,0.019747488,600113,9,7.090543643,0.45023931,0.11845559,23
-0.012055466,0.63347517,0.036126615,0.035343968,600114,14,8.287986647,0.72866336,0.18620556,17
0.00990904,0.70691133,0.19162211,0.014402283,600115,12,9.14747057,0.78157749,1.0844471,25
-0.002162692,0.72664002,0.13465671,0.018299323,600116,9,7.844834348,0.56652768,0.076338263,2
-0.008964507,1.142568,0.078540856,0.008449508,600117,15,8.884448848,0.65053201,-0.18871533,2
0.012423671,0.6637974,0.091386318,0.016621267,600118,21,7.693541211,0.67274281,0.00962221,17
0.001995958,0.81649609,0.032911114,0.021768112,600119,16,8.168096006,0.64842562,-0.34143853,23
8.05E-05,0.86803717,0.096183906,0.030965609,600120,12,8.554052388,0.75074432,0.14153924,31
-0.004635168,0.61099064,0.19261107,0.019510993,600121,15,8.779634361,0.72827072,-0.45764703,7
-0.004152612,0.98859104,0.071599116,-0.010196091,600122,2,8.370546059,0.55231182,0.036805955,15
0.011174237,0.89481405,0.041304985,0.004327692,600123,14,8.383044626,0.5260982,0.15884418,9
0.00177134,0.50213992,0.10792816,0.008186037,600125,9,8.90442432,0.53262089,-0.034873977,23
-0.001692033,0.65338486,0.077072237,0.011477898,600126,3,8.384483655,0.46559745,0.066134118,5
0.009650079,0.63473116,0.15531375,0.017602387,600127,16,9.374951012,0.66869156,0.24631052,7
0.005237856,0.79287064,0.08372468,0.020873762,600128,11,8.33851035,0.64917365,0.77618927,25
0.029730129,0.41853606,0.1693248,0.019504005,600129,15,8.08325234,0.7713098,-0.19679035,23
0.002420557,0.60262649,0.11922392,0.022459457,600130,12,9.128917105,0.63464685,-0.085017459,18
0.002228081,0.76625393,0.20963224,0.01491315,600131,3,8.486656373,0.70656469,0.21861506,25
0.006664028,0.33101625,0.15385135,0.014024077,600132,21,7.760596731,0.69806641,0.345797,4
-0.013938175,0.98081393,0.069468855,0.0332478,600133,7,8.213251214,0.83651418,2.1115545,30
0.00075015,0.64145517,0.17279942,0.021825919,600135,21,7.967072532,0.66423136,0.14297944,4
0.009018616,0.35582006,0.14662595,0.025095213,600136,6,7.455497136,0.7920118,-0.1073756,18
0.016195608,0.86732255,0.087027094,0.029557316,600137,19,6.55831815,0.6802244,-0.14351696,2
0.00127175,0.81937438,0.076230785,0.015594467,600138,15,8.64813831,0.5907222,-0.25344866,18
-0.005632959,1.061598,0.043201967,0.02614204,600139,7,7.223332659,0.6842446,0.32472691,4
0.001466279,0.91705598,0.028681082,0.021271866,600141,7,8.015746547,0.66408872,-0.24161455,26
-0.00042172,0.87640721,0.095591018,0.015697478,600143,13,9.260652615,0.66418826,-0.16320117,25
0.001568698,0.79929958,0.14059575,0.024109717,600145,7,8.471348793,0.65807204,0.67169322,11
0.012037682,0.61156184,0.19086008,0.027603126,600146,10,7.929320635,0.87744747,-0.26726293,6
0.008997782,0.61702607,0.12756121,0.023481893,600148,10,7.128804158,0.56295279,0.50875822,17
0.009263365,1.2012977,0.11003221,0.043395665,600149,10,8.630279454,0.95914386,1.6978916,17
0.012723594,0.76423282,0.16679287,0.005739903,600150,10,7.550966664,0.67245157,0.19315873,17
0.008504953,0.79381406,0.10791558,0.021569424,600151,4,8.91932499,0.97948135,1.9209291,23
0.000758667,0.89049093,0.1044589,0.020722306,600152,16,8.069378485,0.57371613,0.12789158,13
0.007148549,0.67951199,0.12757712,0.013342835,600153,7,8.66797893,0.48914025,-0.32317094,30
0.00196771,1.3110314,-0.010275747,0.019711197,600155,4,8.17983692,0.61678951,0.004894274,5
-0.002155243,1.0523045,0.11985422,0.029556964,600156,21,8.328058985,0.79912305,2.4873193,14
-0.000636699,1.2167597,0.081560238,0.019456946,600157,19,7.840112491,0.77373704,1.4158075,19
0.012980848,1.1575927,0.099977049,0.027991269,600158,18,9.339897816,0.87459708,0.17799678,2
0.01545478,0.83333902,0.086723125,0.023964383,600159,7,8.284745667,0.78214921,-0.15282509,23
-0.001025062,0.80090449,0.088486913,0.019475794,600160,11,8.556272606,0.5711072,0.10357561,2
0.006934691,0.52571424,0.17604438,0.006865091,600161,18,8.193584235,0.62822497,-0.18912732,14
-0.008191647,0.71269264,0.14980068,0.013398696,600162,6,8.669095866,0.67202417,0.050928869,13
0.006078091,0.73967862,0.071730709,0.021114521,600163,9,8.530665333,0.56341173,-0.021579467,11
0.002591862,0.82035595,0.089810596,0.027992036,600165,10,8.095076095,0.72169447,0.18657335,2
0.003632435,0.69655018,0.19467395,0.015333514,600166,18,8.877067899,0.65754667,0.13081164,9
-0.001782073,0.56159656,0.11521863,0.023364017,600167,12,7.501376943,0.76512876,0.27471502,4
0.009869453,0.76410173,0.06706744,0.019632417,600168,10,8.088710029,0.51246192,-0.062767236,15
-0.001889813,0.81386904,0.10095973,0.010008067,600169,13,8.151130636,0.66574492,0.27019574,17
0.005381106,0.62116481,0.09740749,0.013690047,600170,8,8.604356219,0.52959412,0.84964046,17
-0.002554814,0.8051474,0.046361457,0.022266673,600171,9,9.055272754,0.63558001,0.48720281,31
-0.005057864,0.71470463,0.058210908,0.022752769,600172,18,8.191260676,0.54426706,-0.52258199,3
0.01543112,0.70719189,0.17157189,0.025962908,600173,18,8.038386255,0.89055341,0.89506152,23
0.010861368,0.74848959,0.15819218,0.026252216,600175,7,7.637580086,0.71906296,1.2520484,2
-0.000261065,0.88545492,0.051844595,0.007855182,600176,4,8.182049296,0.56447042,1.2271577,23
-0.004724192,0.81170709,0.14202557,0.009083183,600177,10,9.427298916,0.72690576,2.7760847,3
-0.000298748,0.68431363,0.1330043,0.021444707,600178,7,8.337398336,0.61109967,0.82904466,3
-0.006568321,1.0521489,0.026824397,0.028271192,600179,1,8.379114125,0.65431531,1.0977664,14
-0.023873952,0.63807617,0.20313388,0.021882964,600180,7,8.111908597,0.88285075,1.0361328,3
-0.007816708,0.78889128,0.089786744,0.026427121,600182,10,8.202869522,0.68019015,0.50113905,26
0.011108561,0.71390209,0.11507617,0.007494008,600183,9,9.089272924,0.64420475,-0.4387927,4
0.004089186,0.83783525,0.09919495,0.038463008,600184,19,7.559613846,0.89384144,0.69827534,16
0.012326587,0.77394924,0.12024263,0.025625875,600185,3,8.214154392,0.80976148,1.3052297,31
0.01279762,0.87727552,0.065161497,0.025144164,600186,6,9.568527133,0.63465706,-0.001800535,3
-0.012837825,0.56955495,0.021355314,0.017133774,600187,2,7.840419707,0.69540066,-0.77822902,14
-0.002998895,0.89122477,0.027572793,0.007037741,600188,1,9.10306262,0.46279564,0.025000841,6
0.00891639,0.91774882,0.05028161,0.011719853,600189,14,8.268542019,0.48955165,-0.2765499,9
1.57E-05,0.80849968,0.039409793,0.021697898,600190,3,8.645576679,0.59648537,0.89888592,10
0.005746196,0.76251131,0.14280915,0.018335617,600191,10,8.319412272,0.71239134,1.3600046,24
-0.004061344,0.88445768,0.11396426,0.020857464,600192,21,7.90792286,0.62471969,0.70426308,13
-0.008936152,0.82524177,0.17048712,0.028850788,600193,3,7.906310888,0.73981066,0.82655772,2
0.010442367,0.84166546,0.097755463,0.015144142,600195,11,8.074352611,0.74228853,0.52423518,17
0.007150549,0.66811942,0.075052025,0.014525178,600196,3,9.127291512,0.50099649,0.51165281,21
0.008833663,0.87215142,0.072311663,0.018995891,600197,15,8.418547304,0.55930158,0.16706033,2
0.008822234,0.61282994,0.14159605,0.016826426,600198,3,8.552893118,0.73822762,0.072016909,1
0.003930297,0.65630083,0.16593471,0.023182372,600199,21,8.428287002,0.64099895,0.87702071,7
0.003752969,0.3881825,0.068067629,0.021273717,600200,11,9.013676531,0.61428632,-0.44588779,10
0.020156127,0.63742932,0.12331913,0.014166287,600201,10,8.314738909,0.64118543,0.107571,3
-0.005078985,0.70103899,0.077506845,0.014110315,600202,8,8.093385003,0.72668427,1.6406207,13
0.016852715,0.9864193,0.21807475,0.025736396,600203,21,8.378916914,0.92386277,-2.3533213,2
0.005957331,0.60127374,0.1791462,0.007301724,600206,8,7.794935914,0.66196654,0.56523644,31
-0.013902195,0.8175025,0.083008803,0.023990082,600207,21,8.504742502,0.70521769,0.67443878,23
0.00681517,0.87096458,0.13480588,0.02407404,600208,21,8.75551894,0.69700136,0.23789799,29
0.003643316,0.87380857,0.1153966,0.026916142,600209,21,8.827684675,0.90347744,0.074049886,17
0.005016888,0.66135368,0.1254511,0.018213738,600210,11,9.803819581,0.5294455,0.28234551,20
0.012479789,0.75714263,0.078726295,0.017225273,600211,12,7.299054997,0.54134444,0.03601608,14
0.00900273,0.65080127,0.14166792,0.024315709,600212,10,8.88305269,0.60266097,-0.25047334,7
-0.018217549,2.2891962,-0.006129496,0.042300243,600213,18,7.589691703,2.5866029,8.7345127,6
0.001378527,0.79500255,0.121662,0.019966756,600215,11,8.52239279,0.46767005,0.21780864,23
-0.003042231,0.9043453,0.010267366,0.011494735,600216,9,8.68017648,0.66056261,0.78282492,16
-0.005554242,0.52939349,0.17578379,0.036773519,600217,10,8.871760618,0.87594432,-0.17064065,1
-0.002234226,0.75753167,0.12361113,0.022966716,600218,9,8.041541836,0.62374852,0.38640452,14
0.001353728,0.84704273,0.1310148,0.005582092,600219,4,9.08093332,0.51055182,-0.22436001,7
-0.01280955,0.96677884,0.033425335,0.028620649,600220,14,9.857248255,0.83796284,3.1435643,29
0.004626778,0.9256488,0.098789635,0.019269781,600221,11,9.524933278,0.56537755,0.69601626,31
0.004625613,0.42971771,0.11236764,0.016572672,600222,21,8.160944157,0.58049573,0.27481498,14
0.00245258,0.43390546,0.15045186,0.019887008,600223,1,8.314045925,0.74100055,-0.0753795,17
0.005887493,0.66267641,0.049733533,0.020881038,600225,7,7.689484602,0.73232806,0.82693294,23
0.014174891,0.64782142,0.0646882,0.017942693,600226,7,8.248531846,0.5706639,0.181577,28
0.004152631,0.61329691,0.062077746,0.008441797,600227,7,8.122537867,0.44745061,-0.1250167,8
0.012905089,0.69223293,0.063966639,0.024569502,600228,7,8.417985641,0.73558944,-1.1084537,14
0.003302636,0.70430731,0.077526942,0.021519558,600229,7,8.170716101,0.52799738,0.011332904,30
-0.002786048,0.7642654,0.14043331,0.019896162,600230,9,7.892504377,0.77524011,0.74346181,9
-0.000748197,0.79861465,0.093051913,0.009852038,600231,4,9.037447465,0.63990734,-0.25341249,23
0.001659877,0.65075067,0.081251819,0.022535572,600232,4,8.048332077,0.62322476,0.40078065,9
0.011002705,0.6847521,0.14312612,0.022798219,600233,16,7.711564244,0.63543245,0.3833088,15
0.016844822,1.0164224,0.080091361,0.030365956,600234,6,7.261983231,0.67873395,0.064208692,23
0.0149214,0.56219484,0.084498387,0.016373066,600235,19,8.076611252,0.60599127,-0.10810275,27
0.002689757,0.3100611,0.13158433,0.008362193,600236,10,8.602988007,0.52242818,0.14811706,1
0.00405969,0.72740606,0.096443686,0.023021632,600237,3,8.668696335,0.60160652,0.039747991,29
0.014895375,0.50331056,0.17021437,0.017293583,600238,18,8.087261913,0.76538499,0.3376572,22
-0.007662246,0.94566947,0.003659402,0.021156767,600239,18,7.800912114,0.62985091,0.76309471,10
-0.002221028,0.70177363,0.11748543,0.017529317,600240,4,8.35650879,0.56093383,0.43989684,9
0.005052213,0.64207939,0.09694127,0.025459054,600241,1,6.900043792,0.59498549,1.1964839,26
-0.007706592,0.98614089,0.047652118,0.033889667,600242,10,7.563171983,0.74204479,1.1621389,12
-0.000474736,0.98583988,0.1042519,0.024724822,600243,18,7.716933294,0.56641951,0.37807862,2
-0.008224805,0.9260434,-0.073349931,0.002824879,600246,16,8.506066296,0.84130564,0.95646011,6
0.00787,0.68118863,-0.076462835,-0.000496374,600247,1,8.755257481,0.57447895,-0.25066856,16
0.001953202,1.2134083,0.036783626,0.007830204,600248,21,7.526197394,0.81251057,1.8875687,27
0.026186139,1.643599,-0.023513268,-0.00949119,600249,16,8.77838272,0.7581379,0.069134289,7
-0.014938114,0.82535876,0.003382766,0.014967856,600250,1,7.801185039,0.93258612,2.038354,21
0.015367204,0.56500866,0.020093512,-0.000704173,600251,21,8.136321218,1.1526793,1.6888831,27
0.009555212,1.2659988,-0.021480392,0.001842016,600252,11,7.812850616,0.60198736,0.45179691,31
0.010446743,0.74568967,0.019765194,0.002653493,600253,21,8.332903339,0.51878495,-0.036888192,1
0.009072008,1.0823773,-0.010607737,0.000889308,600255,18,8.313933392,0.66483635,0.22095765,21
-0.004120472,0.87908463,0.035648416,0.003633553,600256,1,8.822316296,0.580154,0.29424001,5
0.012049771,-0.73696464,-0.03614863,-0.001712866,600257,19,8.821874849,0.5690835,-0.30584455,2
0.020014824,0.95244202,-0.060828884,-0.009059779,600258,4,7.710294298,0.7373733,-0.53822892,29
-1.66E-05,1.2732162,0.15229591,0.004958489,600259,7,7.613731909,0.73900709,0.45792375,4
0.002620105,1.0931677,-0.015002864,0.004553221,600260,8,8.526395758,0.56238507,0.30957813,23
0.001878008,1.0749201,-0.011292178,0.004827506,600261,10,8.463675657,0.5688654,0.31965827,10
-0.002446891,0.79149319,0.051642889,-0.001356151,600262,13,7.454731118,0.46545548,0.10653474,2
-0.003105931,0.79266494,0.049829576,-0.001467464,600263,1,7.438086192,0.46715455,0.10052561,22
0.012186208,0.89430347,-0.033783148,-0.003386412,600265,13,7.467414837,0.67542869,0.67277421,2
0.012125034,0.90359252,-0.03264528,-0.003309677,600266,11,7.439102977,0.67546857,0.67845448,23
0.007117184,0.75879662,0.004594679,-0.001470701,600267,10,8.190448354,0.59793963,0.51840612,7
0.007157299,0.76581651,0.004491107,-0.001163625,600268,14,8.169596289,0.59717795,0.53306432,8
-0.005986513,1.0417444,0.050039764,-0.008079745,600269,14,7.527705065,0.60161115,0.83404902,2
-0.005999163,1.0427126,0.049592157,-0.008108375,600270,15,7.498574397,0.60170376,0.84567313,2
-0.009200235,1.0493719,-0.007518345,0.001592162,600271,4,8.654514767,0.61566496,0.58880444,17
9.14E-05,0.37908178,0.032323633,0.005252793,600272,4,8.065248395,0.57651548,0.62168989,7
0.000322538,0.81228021,-0.03427069,-0.003453648,600273,1,7.15062067,0.58247859,0.4336862,4
0.004108322,0.56449904,0.034442306,-0.00459927,600275,11,9.110466245,0.41566186,0.17827707,7
0.008495335,0.59510737,0.085545342,0.009802008,600276,7,8.453912503,0.49785445,-0.31771467,10
0.000978493,0.41479176,0.053689482,0.001373236,600277,16,8.041010865,0.59170646,0.20480789,17
0.025921872,0.99145055,0.30121311,0.034986552,600278,14,7.669805987,2.6074976,8.9553337,25
0.013508074,0.73452336,0.11995269,0.030199648,600279,16,8.388613792,0.69908483,0.27021219,7
-0.000105983,0.79201469,0.17210765,0.027693439,600280,7,8.68817063,0.73276535,0.4387999,15
0.016150619,0.2770954,0.080390577,-0.001672217,600281,9,6.80954911,0.45162398,0.40535779,7
0.001641795,0.69256706,0.074053075,0.019214776,600282,12,7.423725984,0.63105703,0.46138622,23
0.000287854,0.86939206,0.091915326,0.019673916,600283,13,7.749901349,0.60952124,0.81594633,17
-0.001378166,0.60601801,0.095489662,0.022806659,600284,11,7.988107835,0.64783518,0.62653854,31
0.002073547,0.74029979,0.083796745,0.015529533,600285,16,6.876331926,0.52842273,-0.89524982,7
0.000566263,0.9939842,0.077153669,0.022233868,600287,15,8.394081541,0.56964727,-0.18658221,2
0.010286766,0.85877006,0.096618737,0.012002339,600288,15,8.954110635,0.55547922,0.032661552,3
0.010286766,0.85877006,0.096618737,0.012002339,600289,10,8.954110635,0.55547922,0.032661552,7
0.001138177,0.88385787,0.12219236,0.015195251,600290,9,7.985905745,0.47909185,0.3492342,10
0.001138169,0.88385833,0.12219207,0.015195259,600291,12,7.985905745,0.47909179,0.34923278,25
0.078669352,0.7864267,-0.063724178,0.014234575,600292,21,8.641094521,1.4661565,4.5256147,4
0.078669352,0.7864267,-0.063724178,0.014234575,600293,4,8.641094521,1.4661565,4.5256147,10
0.008881848,0.54950035,0.15291599,0.0157134,600295,11,7.886112529,0.56413522,0.13023122,9
0.008881848,0.54950035,0.15291599,0.0157134,600297,3,7.886112529,0.56413522,0.13023122,4
0.005141905,0.5845104,0.18522271,0.024056896,600298,7,8.239128193,0.70376144,1.3889484,2
-0.000744531,0.79614971,0.082521086,0.027430199,600299,3,8.52366415,0.64160876,0.2782927,7
-0.012923973,0.61573973,0.10329022,0.021792399,600300,7,8.169708403,0.71356306,1.3127803,27
0.002307184,0.92669216,0.15244165,0.019500494,600301,10,7.662028979,0.78594154,0.9361487,16
0.000562601,1.0029927,0.1822206,0.009766097,600302,10,7.934706282,1.0081536,3.3832867,9
-0.002414284,0.63730578,0.12625538,0.021600222,600303,3,7.984432613,0.59843545,0.59755827,7
0.001697447,0.69546949,0.13679923,0.026768,600305,16,8.655977003,0.68177337,0.24954176,9
-0.000805054,0.78486532,0.05456017,0.021362755,600306,9,8.325869743,0.62635605,-0.5272561,24
0.003640106,0.75352746,0.070744288,0.02597452,600307,6,7.602043259,0.61092889,0.36978218,14
0.01051072,0.63873363,0.093327159,0.009383927,600308,7,7.110043502,0.48801494,0.28085371,14
0.016835683,0.73350061,0.15054755,0.011877433,600309,12,8.137770584,0.67906265,-0.41609676,27
0.004902768,0.71317077,0.13899144,0.016927789,600310,3,9.115126384,0.61277621,0.55269512,24
0.002729331,0.61838067,0.10705463,0.018759021,600311,10,7.674178153,0.57183825,0.003076885,31
-6.91E-05,0.73229253,0.11399675,0.016414514,600312,1,8.358035782,0.50314453,0.053783,2
-0.000434897,0.6757936,0.1159942,0.015860179,600313,7,8.219528067,0.55228282,0.010681198,17
0.011682306,0.3901716,0.1146845,0.009041619,600315,10,7.034724525,0.86129508,5.2240024,8
0.00060732,0.4188826,0.074808339,0.019463188,600316,14,7.793919119,0.5853126,0.24539759,9
0.000756514,1.1402917,0.086253232,0.007196822,600317,9,8.882599791,0.65467049,-0.12333415,1
0.007042881,0.85140603,0.067576937,0.004449084,600318,7,8.615400262,0.42416572,-0.3912891,14
-0.003021109,0.34024447,0.15139846,-0.00437859,600319,10,8.553120391,1.6580116,7.3873502,17
0.004990964,0.86954842,0.11994141,0.013845685,600320,9,6.905532751,0.58554019,0.84727698,18
0.000496204,0.96323928,0.091189047,0.032004636,600321,18,9.216315187,0.76229754,0.31963495,19
0.012002312,0.32836423,0.12278915,0.007419995,600322,12,8.22907433,0.66291306,1.3597593,26
8.94E-05,1.2199698,0.055399485,0.026623345,600323,18,7.675512545,0.62393694,-0.052042282,26
0.007159626,0.57974305,0.096163322,0.011814359,600325,14,6.881458222,0.85883091,4.370709,20
0.010382306,0.67050114,0.07412532,0.0210912,600326,16,7.912610947,0.87647981,1.8633081,7
0.008268397,0.57992367,0.054074501,0.007442725,600327,7,8.678537762,0.5106755,1.2520322,10
0.00867148,1.0104122,0.11609841,0.03481285,600328,11,8.002678137,0.95758088,1.9727684,19
0.013535641,0.76777685,0.057320234,0.022481865,600329,8,7.894977615,0.52486697,-0.21806024,23
0.015700015,0.78783062,0.036267305,0.000578396,600330,7,9.475913789,0.51065557,-0.97651346,18
0.003344734,0.71046426,0.11184395,0.023390681,600331,11,8.006764922,0.5844972,0.19741666,26
-0.012614657,0.77716305,0.056385849,0.015306028,600332,12,9.199028544,1.1086059,4.6660819,6
0.007704337,0.43824109,0.052630804,0.008963844,600333,10,7.773841092,0.38094622,0.11135408,19
0.013571312,0.86283116,0.059530012,0.023869304,600335,10,8.756232454,0.81675328,0.074558429,14
-0.003651617,1.2244353,0.06726634,0.02148088,600336,5,8.598667717,0.64732042,0.60665297,21
0.012910529,0.55781934,0.082580097,0.00668668,600337,9,7.970149646,0.47518706,0.21999963,20
0.007837232,0.91931207,0.030223227,0.016462922,600338,7,8.473360189,0.58862414,-0.16210334,21
0.010469204,0.71192301,-0.032337745,0.037652414,600339,8,7.412685258,1.1613209,6.1046278,23
0.002396237,0.9028743,0.097750416,0.015217533,600340,10,8.94780855,0.69092355,0.75655332,16
0.002593368,0.96935785,0.12981707,0.007396259,600343,15,9.321528822,0.7291195,-0.26869833,4
0.012112571,0.56746614,0.085666727,0.009611095,600345,10,8.083267187,0.5676182,0.89304498,9
-0.004995805,0.98461921,0.065949155,0.020459045,600346,2,8.694081046,0.60686833,-0.12621908,15
0.007200272,1.1393291,0.036124172,0.034189108,600348,19,7.94436666,1.1541556,4.9786718,14
0.008825411,0.54027424,0.13503783,0.021362358,600350,11,8.160938673,0.64517823,0.56597632,15
0.009205984,0.76509867,0.10369146,0.011921137,600351,7,7.924421811,0.55486977,0.002179317,23
0.012374945,0.69574144,0.13631552,0.021259371,600352,8,7.279790655,0.73298354,0.077608453,18
0.004422688,0.82682813,0.036236143,0.024069668,600353,1,8.831734669,0.61296268,0.11227437,24
-0.004467892,1.1292777,-0.006065326,0.052410818,600354,8,8.070545774,0.98110703,0.32868976,4
0.013211178,0.74326739,0.085802358,0.016276647,600355,6,8.228640714,1.8478697,4.265461,3
-0.004971401,0.85600001,0.052365912,0.030040665,600356,9,7.681248091,0.67551875,0.029289638,30
0.002991098,0.83217438,-0.061844133,0.069521332,600357,19,7.646397295,2.5550252,8.6028268,7
0.007365904,0.64373549,0.1027706,0.005955644,600358,1,9.029430095,0.74715082,0.010200633,21
0.007918832,0.32851335,0.080759928,-0.001327812,600359,8,9.47921616,0.91718027,5.8360131,6
-0.000567732,0.57845631,0.082650979,0.018528841,600360,16,8.125175204,0.540225,0.20207808,2
0.01787061,0.77617526,0.042239059,0.012315087,600361,9,9.297439295,0.77033111,-0.6255428,8
0.00723744,0.61898471,0.069690626,0.02843303,600362,8,7.470082416,0.89454409,-0.25312151,8
-0.023831372,0.9997281,0.007097662,0.035950951,600363,3,8.771487954,1.0744269,0.085581656,6
0.010002618,0.74793806,0.13738756,0.021833038,600365,10,8.143482561,0.81620753,1.3607672,23
0.000563131,0.91929257,0.03124457,0.016414135,600366,7,7.301275665,1.603252,-0.48865746,28
0.016911583,1.1219256,0.055743855,0.006583034,600367,14,9.468207231,0.7075868,-0.29538881,27
-0.005074398,0.85883704,0.093500872,0.025072627,600368,14,8.733141769,0.71234194,0.34112972,25
-0.008367566,1.0278584,0.040029925,0.021754818,600369,4,8.616302074,0.69529777,0.63473354,7
0.004628858,0.93254848,0.069514369,0.008551866,600370,3,8.579625271,1.0739713,0.45209399,3
0.005370537,0.90429711,0.011727994,0.008696888,600371,10,8.199152635,0.78638551,-0.7641678,8
0.004913418,1.1719741,0.074088204,0.001726975,600372,9,9.298488236,0.9230978,-0.095157585,8
0.01524389,0.89064246,0.11310904,0.015115298,600373,10,8.795004806,1.5892087,1.3360933,1
0.008919012,0.88883836,0.054508402,0.017823678,600375,18,7.855749773,0.80818303,0.18982876,2
0.001854688,0.92205202,0.094656406,0.016221553,600376,14,8.289876545,0.59307272,0.13004334,7
0.019545388,0.86718934,0.061211213,0.015618582,600377,7,8.142962471,1.1740832,-0.3587007,18
-0.003000293,0.88782871,0.069898313,0.019549925,600378,10,8.250687991,0.6123919,0.79567196,16
-0.007116897,1.6258234,-0.019395068,0.023409483,600379,11,8.349789504,1.1382804,1.0906745,26
0.006609516,0.70502301,0.068915723,0.030863538,600380,4,8.292664456,0.72625498,0.2969573,12
-0.082966297,1.0892533,-0.21178852,0.14820381,600381,10,7.975470085,3.9375295,8.4807706,26
0.02861945,0.39688224,0.078424474,0.032516906,600382,18,8.309107672,1.0899723,0.98869939,26
-0.011157599,1.216382,-0.013610768,0.042570807,600383,11,8.062320368,1.8292181,6.9212478,14
0.023503936,0.99697468,0.047527721,0.024538881,600385,14,8.055403194,1.0632015,2.2182906,2
0.007461833,0.97271876,0.13161019,0.025535483,600386,14,7.939360687,1.5871988,4.8109465,23
0.006724312,0.25522175,0.072425106,0.004507715,600387,10,8.499279251,0.39490781,0.20833298,13
0.011028181,0.7245719,0.15065214,0.02575975,600388,7,8.067498195,0.70616948,0.31084229,7
0.12626774,1.1767712,-0.061459348,0.05125193,600389,21,7.91974048,2.710912,7.861742,5
0.007882538,0.88483043,0.076090481,0.026881894,600390,10,8.629633053,0.72976084,1.120609,18
0.065083561,0.85937738,0.035486632,0.041683059,600391,15,8.037812939,1.7637069,7.1191102,15
0.00199578,0.8926069,0.063632482,0.017988621,600392,18,8.358326901,0.5434986,0.097593739,26
0.027103851,0.93025795,0.053294745,0.005164204,600393,2,9.711354722,1.508867,6.6601223,28
0.008549005,1.2681567,0.079150542,0.031834146,600395,12,7.788540857,0.98426023,1.4520236,9
0.006021981,0.54247811,0.12372352,0.021200414,600396,10,7.980106512,0.60878456,-0.11351022,8
0.007515359,1.0010743,0.064138296,0.02514726,600397,4,8.295267823,0.6382339,0.17644666,7
0.006968161,0.56746882,0.093319398,0.016244544,600398,9,7.854282021,0.48603647,0.073982221,9
-0.002806759,0.80453065,0.043466678,0.020862094,600399,4,7.572775633,0.64210474,0.40603362,7
0.010648598,0.67698288,0.16025534,0.01982885,600400,7,7.587782721,0.77384759,0.69097784,7
0.017941283,0.53248491,0.09570276,0.028585033,600401,15,7.332200912,1.9240563,7.3264604,7
0.02176485,0.46487266,0.086838919,0.027443818,600403,8,7.651115183,0.78718751,0.75867105,2
0.02296658,9.7957432,-0.82205875,0.40746711,600405,15,8.023477685,31.468095,10.09128,7
-0.004019606,0.997308,0.015779665,0.018489545,600406,7,8.404969556,0.63128734,0.052069379,15
0.011985913,0.80871644,0.097191727,0.022981193,600408,7,8.033415648,0.65074231,-0.13109688,30
0.026187378,0.87058638,0.090221213,0.039678706,600409,15,8.349781796,0.99056244,1.3047247,2
0.003669399,0.63743543,0.088893381,0.019411366,600410,21,8.716135816,0.56826409,0.059121561,23
0.00130937,0.81757735,0.11875981,0.022412276,600415,10,8.557591307,0.77082046,0.064285559,5
-0.023530937,0.49418474,0.12213615,0.01704018,600416,10,8.454398088,1.4015365,7.1200922,1
-0.000345722,0.22458854,0.12019033,0.018731918,600418,6,8.60961763,0.81423227,0.22546348,21
0.000748257,0.49272289,0.09160967,0.014942211,600419,11,8.000251637,0.99284692,2.1066163,17
-0.028634306,0.65314719,0.061374657,0.036006415,600420,11,8.450385174,0.95130622,1.6791949,4
0.013110883,0.26569668,0.14099918,-0.000511078,600421,11,7.412757198,0.76485953,1.2545348,22
0.009417481,1.1384092,-0.016871846,0.024729463,600422,7,9.365607571,1.0540605,2.5284737,27
0.012923085,0.91156177,0.070234485,0.022650187,600423,9,9.301096379,0.75693001,0.43944497,21
0.010276529,0.51964683,0.085275733,0.017441455,600425,7,8.026031198,0.75646837,-0.47035833,14
-0.19057897,-2.0631323,0.10552568,-0.001886351,600426,14,7.013813401,8.1397481,9.2131825,26
0.049242978,0.79030441,0.019710499,0.041746244,600428,3,8.12607515,1.5764851,6.1061044,2
0.013900343,0.42472356,0.1499182,0.006502385,600429,9,9.378117587,0.54397994,0.32688024,6
0.002623621,0.83122856,0.054184572,0.023119666,600432,6,6.541009797,0.6301315,-0.60230815,26
0.01103071,0.40622671,0.06211275,0.011360363,600433,10,8.231287727,0.91629894,1.773209,2
-0.027124979,0.80449998,-0.002772972,0.047631794,600435,11,8.1427576,1.1309918,1.2098342,13
0.000697419,0.69666223,0.04297866,0.019770382,600436,1,8.351113624,0.60272239,-0.016953954,18
0.007108936,0.6202879,0.035879677,0.018098814,600438,4,8.232036993,0.7004797,-0.17328918,31
-0.002059875,0.73434577,0.10239999,0.022309233,600439,7,8.443502388,0.68556921,0.20134489,1
0.010408804,0.53113755,0.074806017,0.010793068,600444,15,8.247079225,0.58859296,-0.71737648,26
0.008026905,0.98917663,0.037020236,0.005878326,600446,4,9.140495102,0.56002457,-0.39371778,14
0.014502058,0.10077756,0.14587433,0.025404934,600448,9,8.966570988,1.8683334,5.8033852,11
0.014394263,0.86218087,0.15515397,0.011997854,600449,12,8.728713437,1.1135072,1.4456369,25
0.008948818,0.73172662,0.017937973,0.036378289,600452,15,7.927663048,0.7726068,-0.21532318,16
-0.010391678,0.79925699,0.070943496,0.035912509,600455,9,8.571738118,0.76452499,0.53254559,16
0.017385236,-0.049729046,0.11274695,-0.006091868,600456,7,6.977080855,0.95974553,4.5316392,5
0.033484614,0.9740078,-0.025717843,0.021297184,600458,9,8.983852836,0.86877502,0.42108757,22
0.012970643,0.45287847,0.062369668,0.013986336,600459,8,8.246779322,0.6900091,-0.18634267,23
0.005837542,0.41651096,-0.023616565,0.03182619,600460,12,7.440540144,0.78855198,-0.37535691,8
0.00698824,0.79956362,0.037441444,0.039066782,600461,6,7.562974139,0.73721306,-0.060366437,6
-0.005531255,0.75244007,0.063483118,0.023258309,600462,18,8.334852226,0.67515433,1.0335244,2
0.007634257,0.68139405,0.12720953,0.01944609,600463,11,7.999887853,0.68242521,0.46348063,18
0.052506837,0.7627528,-0.007659778,0.025627372,600466,1,7.957522432,1.1141288,3.1850361,14
0.007955069,1.0446898,0.078147392,0.037593622,600467,10,7.08588682,0.78016411,-0.88388003,19
0.010673265,0.84930632,0.086653924,0.006308082,600468,10,8.223660786,2.0875908,7.2942931,31
0.018909891,0.45502279,0.14306244,0.014824541,600469,7,8.095950591,0.68995165,0.83736858,1
0.002376442,1.3429986,0.047669994,0.025088833,600470,10,7.571987472,1.3397017,4.2098279,7
0.020968022,0.89470713,-0.020774057,0.029138728,600475,15,8.468834471,0.9120984,1.486246,5
-0.009079318,0.4985721,0.054598377,0.024205874,600476,13,7.909990616,0.77352859,0.96473556,23
0.014236439,0.9336213,0.10277387,0.040674155,600477,8,8.07918296,0.93642045,1.2849189,5
0.08327696,0.7426488,-0.094322146,0.020451446,600478,11,8.003637979,1.5672905,5.7085229,5
0.004544727,1.0242458,0.11795725,0.013470619,600479,7,7.645057135,0.86485362,2.8099748,30
-0.012926989,0.84644611,-0.009870482,0.023396522,600480,10,9.013625815,0.68629531,0.41835354,7
-0.012334408,1.6090952,-0.24447932,0.069348666,600481,10,8.031365499,3.0486921,8.8288838,30
0.019533287,0.62456292,0.090293658,0.018839798,600482,4,8.429522768,0.72655876,-0.64904646,13
0.04968135,0.65468171,-0.049323477,0.023854707,600483,15,8.68690621,0.92461257,2.5521715,2
0.010356544,0.541313,0.11688074,0.013443043,600485,7,8.194679286,0.75472927,0.86684534,7
0.048360753,0.46504581,0.1072011,0.011110709,600486,15,7.904288477,1.1684853,3.2101136,7
-0.00606629,0.79705644,0.13731008,0.024959208,600487,11,8.513171194,1.0889415,1.6495438,19
0.011418746,0.63347792,0.13544959,0.023756053,600488,2,8.443873874,0.8630569,0.47537245,2
0.041665944,0.32724403,0.088594232,0.006882226,600489,7,7.188591723,0.68141724,1.2992765,17
-0.00525374,0.53040936,0.054372434,0.039612867,600490,13,8.497060727,1.2238348,4.0814895,23
0.003410239,0.79127823,0.14853471,0.01621346,600491,4,8.586809493,0.78165619,0.66349161,13
0.01157795,0.63302668,0.15842875,0.016279068,600493,10,8.999879677,0.82437069,0.10979325,15
0.001037135,0.93822104,0.085999631,0.042550823,600495,13,8.559023842,0.79574398,0.27767144,1
-0.001238731,0.63103896,0.029539747,0.036923645,600496,2,7.909275808,0.98121962,1.5176621,22
-0.000306938,0.64645136,0.064172907,0.023659514,600497,15,6.708343562,0.55966533,0.74247525,4
0.009142094,0.48831394,0.11362615,0.028970441,600498,10,7.819441506,0.63801748,-0.33733651,26
-0.000670437,1.3018378,-0.1679991,0.051744768,600499,16,8.697272152,2.2719323,8.728211,17
0.00873576,0.6807792,0.077768894,0.022107076,600500,10,8.821076709,1.4547008,3.2331034,7
0.01228165,0.55277012,0.1112297,0.038188393,600501,13,7.531855765,0.81697986,0.31459963,1
0.020890074,0.4244091,0.11998999,0.02194138,600502,15,8.414793887,0.78571613,-0.46492559,13
-0.006313899,0.77171204,0.072603488,0.032428855,600503,12,8.016131842,0.62239487,-0.44161781,18
0.03619183,0.32936072,0.083148902,0.001561248,600505,1,7.633312823,0.52866289,-0.29764778,21
0.037838783,1.4298182,-0.001066285,0.009663602,600506,10,8.198858628,1.449849,6.078749,8
-0.008013472,1.0535553,0.16355975,0.017005142,600507,2,8.880596342,0.80247038,0.16332696,17
0.007506208,0.63229577,0.06125376,0.023730577,600508,12,8.094560174,0.56290621,-0.11866081,21
-0.005970304,0.81082895,0.11295766,0.019870389,600509,4,8.072273653,0.85005091,0.74761321,7
0.005590542,0.84449501,0.045399657,0.014714752,600510,16,9.153677032,0.53517125,0.36955079,2
0.001390847,0.95628288,-0.090933621,0.058055825,600511,13,8.231191147,2.3469739,8.7005995,23
0.02295791,0.32756861,0.13832138,-0.000913992,600512,11,8.305003057,1.0931526,3.7392139,7
0.043662676,0.8778682,0.058864512,0.050255673,600513,16,7.473415335,1.3411049,3.5435626,29
0.019477599,0.79105546,0.10353181,0.022617982,600515,9,8.312266746,0.70251784,1.0140034,24
0.004761924,0.58138755,0.12656981,0.030769799,600516,10,8.045557671,0.81166708,2.2375401,17
0.02002164,0.71240222,0.11183945,0.029523174,600517,11,8.810009869,0.79234957,0.062675055,26
0.000720218,0.96037942,0.047111011,0.010574025,600518,3,8.62764861,0.55899276,0.18030913,28
0.006599871,0.94136687,0.12804742,0.025312448,600519,10,8.684980232,0.77313235,0.83119194,1
0.000373697,0.74322034,0.11050995,0.026573185,600520,11,8.502837601,0.66153989,-0.34000039,23
-0.007559966,0.48654994,0.056657015,0.027061527,600521,15,7.594263621,0.77394891,2.9238361,7
0.009983521,0.66440707,0.079000653,0.028491428,600522,10,8.588125597,0.61760537,0.26277196,28
0.009025736,0.54321706,0.050259254,0.024006354,600523,21,7.151640076,0.54508253,0.39666571,26
0.06876462,1.6382633,0.32280418,0.049480301,600525,10,8.295037727,3.6931961,7.3114108,23
-0.004892644,1.0666732,0.007211948,0.028737216,600526,7,8.740024086,0.6560028,0.068239288,7
0.005051121,0.45850254,0.086255227,0.012048736,600527,13,7.927852107,0.91309523,2.0273367,18
0.018756541,0.97108836,0.033455022,0.038848098,600528,9,8.922552721,1.8983615,8.5900405,14
0.012628689,0.48511787,0.052004988,-0.00882044,600529,11,7.350819401,0.49259022,0.34925798,17
0.08245661,0.4119486,0.06215242,0.041077176,600530,9,7.6068228,1.8184994,7.00225,31
0.010369871,0.25735763,0.031192145,0.009906803,600531,7,7.632895578,0.58167246,0.47581088,14
0.003028689,0.74763599,0.068801866,0.030223073,600532,18,8.243826904,0.57519297,0.079254471,7
7.67E-05,0.68908029,0.1673089,0.035727866,600533,11,8.124101506,1.0199522,2.8465607,19
0.042905327,0.24105446,0.13076709,0.013576556,600535,15,7.068729085,1.005371,3.2523314,2
-0.006581919,0.49678938,0.078687131,0.022232561,600536,3,7.911926587,0.65896765,0.43669011,23
0.034296448,0.74912681,0.097627555,0.028768178,600537,11,8.12022171,0.68582156,-0.015536754,27
0.003293785,0.77770262,0.1435908,0.013525577,600538,9,9.214360779,0.60114331,0.5694247,15
0.023898102,0.31937158,0.10482525,0.001857756,600539,1,8.128501923,0.57416673,2.3095521,21
0.016986432,0.73920757,0.023292697,0.022620877,600540,3,8.005881349,0.78737186,2.170015,24
0.003868699,0.88091379,0.0986762,0.014591985,600543,13,8.338731639,0.62486539,-0.14410665,21
0.011952392,0.81707044,0.05145959,0.03492165,600545,13,7.893219549,0.64400804,-0.024886411,6
0.012200906,0.77993807,0.084006988,0.011198484,600546,2,8.764471323,0.54163314,-0.075427388,14
0.010647854,0.3352181,0.098259711,0.015423293,600547,14,7.78613382,0.58166568,0.20109252,26
-0.032949489,0.83976112,0.036624275,0.024842625,600548,9,7.365464326,1.7205984,6.2992018,13
0.010314377,0.66510988,0.046594418,0.033431141,600549,10,8.333871351,0.6279561,-0.025350704,30
0.003508667,1.235818,0.020441761,0.045719244,600550,8,8.882658439,1.1664104,3.7116334,1
0.004169609,0.69411842,0.10311441,0.029529845,600551,9,7.921935117,0.63887489,1.1052486,1
0.006093529,0.82739798,-0.006786832,0.032862564,600552,9,8.697447212,0.97377288,1.9924589,30
0.013879093,0.71506319,0.044269928,0.040240913,600553,4,8.242901546,0.79003207,0.0233975,17
0.021653173,0.67702859,0.084714483,0.026573664,600555,11,8.97630109,0.7602802,-0.023344289,27
0.012023051,0.62750505,0.1658658,0.020812512,600556,11,8.377749912,0.70413365,0.035566471,7
0.001555508,0.52957292,0.15860928,0.009207479,600557,9,8.600351895,0.89067195,0.23517434,18
0.020296037,0.57523784,0.07360436,0.002902194,600558,3,8.574570155,0.5105451,-0.19124179,30
0.016853169,0.67226629,0.063126979,0.005102988,600559,10,8.427231634,0.70423948,0.58116346,2
0.00818567,0.87117788,0.067626035,0.012839977,600560,14,8.716759401,0.76387916,0.56568279,8
-0.069939826,1.3437304,-0.26386468,0.13417745,600561,9,7.345062341,2.7586697,7.8658553,7
0.011592407,0.40524701,0.16842223,0.050883607,600562,8,7.736506596,1.4900692,3.0804809,13
0.005428922,0.79117391,0.16669841,0.033465837,600563,10,8.756066302,0.85752742,1.4999336,25
0.005587775,0.83364756,0.11003456,0.015623067,600565,10,8.524962988,0.58293471,0.46927985,4
-0.00848057,0.56447597,0.1188033,0.045280094,600566,6,8.360091515,1.338749,1.7633496,1
0.004115543,0.4587505,0.033045903,0.019035995,600567,11,7.720233541,0.55794747,-0.87554041,4
0.007999674,0.72982324,0.06153227,0.011165491,600568,9,7.363380026,0.52788316,-0.36496305,31
0.005150361,0.98704292,0.052104242,0.030392621,600569,15,7.68429587,0.72555319,0.70275672,23
-0.002002398,1.0286861,0.017060042,0.036799974,600570,15,7.101467136,0.59197953,0.15915767,23
0.063315151,0.97502859,-0.148461,0.050510274,600571,11,7.923638355,2.2093916,7.9101745,23
0.004074252,0.86859015,0.040696466,0.035637895,600572,3,7.206854848,0.73761107,1.2845599,13
0.024404462,0.49026016,0.091057389,0.019301116,600573,14,7.728533026,0.7675602,1.4427647,1
0.001549347,0.85043733,0.072374083,0.023774077,600575,4,8.660887236,0.56182565,0.03830841,7
-0.00119693,0.79627429,0.058454924,0.028666444,600576,10,7.355869064,0.55706819,-0.22000032,1
0.00701132,0.61364532,0.04641407,0.032047365,600577,12,9.129224531,2.6400953,8.8948363,2
0.095772674,0.82505792,-0.025337861,0.068735598,600578,7,7.381541059,2.7007868,8.673156,14
0.010434764,0.72457345,0.12110316,0.008937999,600579,10,9.568253459,0.56958215,0.16893262,23
0.009622543,0.80179579,0.090892667,0.023679815,600580,9,7.609908384,0.73258838,0.29485861,21
0.009514886,0.60915724,0.036836833,0.03146762,600581,10,8.056172931,0.75613894,1.3291451,2
-0.006366253,0.44370103,0.066364498,0.035155826,600582,2,8.40354579,0.80931695,1.2866118,19
-0.000437826,0.66751911,0.046845925,0.022603283,600583,8,7.797467881,0.48222485,-0.05734849,7
0.004499363,0.57274092,0.054052217,0.022616052,600584,9,8.129165239,0.62402011,0.50999546,1
-0.003692305,1.349013,-0.032845467,0.036948928,600585,9,8.12778488,0.72382693,-0.41448502,14
-0.014780095,0.80160444,-0.010863164,0.059955475,600586,10,8.084665585,1.1501728,5.3611259,14
-0.013924215,0.4709782,0.10661715,0.016054877,600587,15,8.250715195,1.0807344,3.9678743,2
0.00066365,1.2876416,-0.028220063,0.039703312,600588,9,7.92105119,1.2651583,3.7049429,26
0.030916956,0.88521498,0.047298458,0.011680412,600589,10,8.238943058,0.82767291,3.8442862,8
0.003895866,1.1896753,0.02917336,0.022106898,600590,14,9.098790542,0.72442155,-0.013555101,17
-0.005372436,0.27947126,0.18108089,0.009058269,600591,10,7.349124967,1.1803299,3.9790352,13
0.011110037,0.61929126,0.022201643,-0.001583906,600592,19,8.690490048,0.4636642,-0.68967174,9
0.009043667,0.82054549,0.004284089,0.02507736,600593,11,9.530601995,0.85678354,0.73954065,28
0.009528244,0.81720739,0.10244183,0.002570792,600594,9,8.246294657,0.58682669,-0.24871323,31
-0.005572301,0.87928813,0.064692455,0.025581793,600595,7,8.61038799,1.0943639,2.7113307,23
0.018366589,0.34029425,0.14944216,0.021734163,600596,3,7.521799781,0.65285964,-0.45119915,17
0.037747199,0.70712438,-0.052273222,0.026816377,600597,1,7.317781569,1.4163353,7.7190005,3
0.006054902,1.125208,-0.061208791,0.048119307,600598,7,8.189803198,1.7615009,7.8838119,5
0.051744115,0.93088485,-0.073421794,0.047328454,600599,3,8.285555693,1.7116838,6.6638712,14
-0.007420123,0.85439822,0.08010641,0.015184561,600600,15,9.313522667,0.61070543,0.025356213,17
-0.001993481,0.84042367,-0.018556231,0.015905285,600601,8,7.880433339,0.80442847,3.190321,17
0.027388758,0.80589697,0.012467108,0.043724405,600602,18,7.344378363,1.263987,5.5217474,17
0.006405698,0.75360786,0.031755467,0.026932447,600603,10,7.955669465,0.74366709,0.49646847,17
0.009985847,0.93548104,0.15802606,0.01315818,600604,10,8.719347016,0.73504593,0.55217678,17
-0.010454093,0.48575188,0.058262098,-7.76E-05,600605,18,7.804709173,0.97568671,4.5659484,17
0.002732722,0.65573014,0.077426787,0.021266016,600606,11,8.938572763,0.57162503,-0.29578857,17
0.003539072,0.61816183,0.078513793,0.011228153,600607,15,9.692586567,0.54897525,-0.33740991,17
0.013947867,0.22971667,0.19680937,0.021112062,600608,10,7.891995122,0.8796782,0.84589814,9
0.015434053,0.46363433,0.10110854,0.002087402,600609,10,7.885618099,0.4338924,0.28189057,17
-0.00412533,0.75101738,0.089766698,0.014182772,600610,19,9.887706687,0.53747091,0.32123918,17
-0.012283789,0.91385547,0.1112278,0.02205378,600611,21,9.196611166,0.6886708,-0.23522944,17
-0.007188782,0.62571014,0.12963836,0.02564373,600612,20,8.034274197,0.68656465,0.34889561,17
-0.001223215,0.90166425,0.078107379,0.030814003,600613,7,7.719936934,0.70762834,-0.21753367,17
0.012732578,0.67849702,0.087972174,0.019236596,600614,7,7.167119201,0.5888494,-0.07775243,17
0.006939768,0.96227692,0.033506443,0.024131729,600615,16,8.463298348,0.65114093,0.69136566,17
0.008092521,0.34539589,0.15464534,0.01473325,600616,7,7.987685404,0.65250999,0.83709841,17
-0.004285604,0.83167089,0.082106115,0.027265467,600617,7,8.361257603,0.66587797,1.0343082,17
0.008004422,0.78371807,0.10990831,0.019882826,600618,10,9.223420059,0.58636549,-0.049942547,17
0.008425964,0.93887348,0.07707916,0.026561978,600619,21,6.395130454,0.66390383,1.0094021,17
0.002761345,0.97446306,0.050227186,0.012082713,600620,15,8.970256719,0.56451121,2.3626491,17
0.011805695,0.62197604,0.12581051,0.01715332,600621,21,7.340557176,0.58191222,0.07262316,17
0.000923451,0.81942867,0.061274147,0.032588798,600622,7,6.79584647,0.76004817,0.4502694,17
0.023252334,0.85006855,0.017848279,0.024296011,600623,21,7.579862565,0.68339054,0.43004007,17
0.007473945,1.1783027,0.092405196,0.028372354,600624,4,7.83439931,0.88437575,1.3709376,17
0.018189378,0.68979368,0.03327342,0.001252031,600626,16,7.853918706,0.52594395,-1.2457069,17
0.012101503,1.2128793,0.10175907,0.03300597,600628,9,6.839626941,0.93495269,2.281403,17
0.007576207,0.61709008,0.090240338,0.025750676,600629,4,8.039401135,0.69442954,0.53445148,17
0.012043586,0.57241462,0.002014904,0.01803772,600630,16,7.479560417,0.57535528,-0.28560709,17
0.006637673,0.51739772,0.066728713,0.022196589,600631,7,8.659719067,0.63607518,-0.095203315,17
0.004044836,0.6213427,0.10785772,0.017943335,600633,18,8.80943125,0.61261149,0.5884954,17
-0.003021495,0.84691373,0.076614808,0.01445833,600634,21,8.673330668,0.58723924,-0.21369929,17
0.033900144,0.5282369,0.10812083,0.028853122,600635,7,7.326502192,0.79107861,1.3132505,17
-0.004622342,0.83166397,0.045173305,0.029776793,600636,8,8.843596477,0.68968665,-0.10533299,17
0.005548661,0.72085006,0.075406703,0.018250598,600637,18,8.63041446,0.57927123,0.12657909,17
0.015727583,0.61921431,0.070136102,0.00799292,600638,18,8.378429804,0.46642983,-0.12643504,17
0.013404641,0.93390241,-0.016467255,0.034264712,600639,15,7.300292447,0.68678911,0.19762074,17
-0.002019751,0.76890865,0.066750771,0.029233519,600640,18,9.121223697,0.70547754,0.078536861,17
0.004529625,0.71063098,0.066686466,0.007850871,600641,12,8.749923697,0.55820506,-0.25588342,17
0.023784654,0.65952503,0.018049772,0.025070312,600642,17,7.334657886,0.71449085,-0.69174531,17
0.00339933,0.96627794,0.08546428,0.031883835,600643,12,7.259963271,0.65189388,-0.74995576,18
-0.004289755,0.88717107,0.11625101,0.025268242,600644,4,9.641291794,0.73896361,1.3704395,17
0.002701336,0.72736943,0.055670937,0.019459557,600645,21,8.483034676,0.54524708,-0.55154644,17
0.001274916,0.85241597,0.12203723,0.022792196,600647,18,8.861344171,0.699426,-0.45321531,17
0.002353115,0.6527254,0.11160762,0.015140618,600648,12,8.859868861,0.5671256,0.43270211,17
0.004677218,0.91004134,0.090214797,0.012863821,600649,19,8.208510515,0.54182565,0.26691232,17
-0.003803365,0.58699464,0.15917483,0.021526014,600650,21,8.242341839,0.88756917,1.2707109,17
-0.002885243,0.78276333,0.14757758,0.013430425,600651,21,8.511397026,0.64635656,0.15433394,17
0.00732053,0.65727031,0.085797431,0.003913749,600652,21,9.637469185,0.47035468,0.37280351,17
-0.003674672,0.98480478,0.057049024,0.008037304,600653,15,9.07721693,0.64240776,0.27467343,17
-0.001569971,0.61989037,0.14444937,0.014389482,600654,16,8.529057274,0.59046424,0.96672058,17
0.002726417,0.71392957,0.049924074,0.023148391,600655,7,8.12322671,0.66983163,-0.30552536,17
0.006302905,0.55818378,0.095853658,0.016258323,600656,15,5.988390101,0.58322639,0.10071301,2
0.004262762,0.8065217,0.070367553,0.025324823,600657,15,7.584190184,0.68049694,1.098551,2
0.001720488,0.55212646,0.091941416,0.002243578,600658,9,9.335255955,0.39214331,-0.023203687,13
0.001726984,0.71068304,0.038784991,0.014241841,600660,21,7.617826389,0.50715384,0.15654238,17
-0.000136531,0.78058354,0.039886957,0.020435667,600661,19,9.045219295,0.73694951,0.73705593,17
-0.001630093,0.61933465,0.077672697,0.01950477,600662,18,9.010577866,0.60811214,0.50411118,17
-0.001980947,0.82295641,0.091122115,0.023438645,600663,11,9.910838369,0.53997087,0.25176187,3
-2.54E-05,0.73439385,0.081427103,0.021117944,600664,18,9.099400543,0.56562261,0.63938803,17
0.008303698,0.69364783,0.11692139,0.019442634,600665,11,8.445202373,0.62502247,0.605661,25
0.007059547,0.78268884,0.079001125,0.021066736,600666,7,7.830421365,0.7161362,0.66231886,7
0.005965986,0.80014562,0.12283811,0.028464592,600667,9,8.729364528,0.79153904,0.43100264,23
0.006399613,0.78028386,0.10065142,0.030531117,600668,11,7.951289506,0.73820416,0.37865785,23
0.009841918,0.7141894,0.12680523,0.00397168,600671,9,8.918055791,0.56214478,-0.52381577,26
-0.001842582,0.92724303,0.012606982,0.025729882,600673,12,7.604860416,0.58903121,-0.11773584,18
0.010354104,0.64273613,0.095957106,0.015586659,600674,18,8.851445738,0.55185958,0.018252627,17
-0.001147659,0.69994335,0.12302317,0.01340812,600675,10,8.341603135,0.62108329,1.331377,17
0.015772072,0.17420467,0.15113533,0.011107256,600676,4,8.094535545,0.64416357,-0.10139905,23
-0.004244132,0.92303785,0.11680778,0.018406819,600677,9,8.553727202,0.57256189,0.46037529,18
0.015929285,0.52631621,0.1342425,0.017553293,600678,10,7.914658848,0.58335249,0.15550528,17
0.012644235,0.83592976,0.14634676,0.021726396,600679,15,8.59019364,0.62729363,0.14673721,17
0.006140373,0.61929298,0.15951848,0.023011104,600680,20,8.638669824,0.68805428,0.77771028,4
0.005065383,0.81644606,0.10143842,0.018050184,600681,16,7.457191949,0.44677014,-0.013385981,7
0.021340999,0.83458533,0.079804645,0.01617924,600682,16,8.3635865,0.71502633,0.51854955,23
-0.010307243,0.9681109,0.059140871,0.019847336,600683,18,8.809476447,0.70154563,0.44122052,26
0.015290391,0.81340679,0.11021096,0.010668634,600684,10,9.289423697,0.64235891,0.76962611,26
-0.002899353,0.84841207,0.074133626,0.023826334,600685,10,8.465183493,0.62198828,0.68916543,13
0.006614686,0.99792506,0.10449252,0.02608532,600686,15,8.737637182,0.67104572,0.39849132,23
0.014880121,0.90152065,0.07250401,0.027667234,600687,7,8.458148968,0.74930565,1.0743362,17
0.003961065,0.9819635,0.07708076,0.02382514,600688,4,7.453875669,0.70444694,-0.43955331,17
0.000555298,0.76108528,0.08432032,0.028031181,600689,10,7.384876394,0.65098368,0.045112104,14
0.011295218,0.80144386,0.1898105,0.036809257,600690,9,7.827006305,1.0034238,1.2310159,18
0.009096016,0.6000593,0.090229291,0.011708919,600691,14,7.688881239,0.56119671,0.12687531,17
-0.008757187,1.013472,0.085936905,0.032651867,600692,16,8.053541919,0.67830058,0.79780506,13
0.007804585,0.62728046,0.13126798,0.01946339,600693,16,7.865054894,0.5497715,0.29541544,9
0.003977677,0.86808184,0.14834275,0.007481924,600694,3,8.146456587,0.61756925,-0.1229615,17
0.010553218,0.88910225,0.063676535,0.014502526,600695,18,8.147990647,0.51392221,-0.25603938,17
-0.004505155,0.7500931,0.088136319,0.020063639,600696,16,7.739590216,0.56161415,0.20554849,6
0.016380832,0.54904046,0.12244529,0.000745295,600697,10,9.384804221,0.51030251,-0.15924455,14
-0.008308215,1.0248845,0.043733441,0.017388396,600698,7,8.02029756,0.59452453,0.48659722,6
0.015470673,0.59655993,0.11431388,0.004158593,600699,21,8.976733887,0.44402957,-0.24934663,3
0.009850208,1.0531236,0.027000058,0.038643058,600701,3,6.968285214,0.81239208,-0.16419141,18
0.011561849,0.739719,0.022804185,0.022880613,600702,7,8.581507394,0.68729582,0.22209245,4
-0.002116091,0.76008097,0.067229621,0.011679165,600703,16,7.534704001,0.47774466,0.10873113,23
0.018552525,0.2602348,0.10327275,0.003770779,600704,21,7.601461303,0.60141329,0.14442492,3
-0.001053136,0.74457729,0.045251105,0.027224502,600705,15,7.538460619,0.71178602,0.20326395,16
0.002172017,0.83382254,0.080027136,0.022466091,600706,8,8.356144592,0.62376441,-0.29655309,16
0.007782568,0.50262745,0.096005672,0.00854823,600707,21,6.717756689,0.42337285,0.13448569,17
0.011164356,0.8112233,0.068674492,0.021708615,600708,10,8.619184078,0.6990505,-0.21857535,7
0.001595895,0.64285984,0.15067916,0.024355603,600710,21,8.026629044,0.84038878,-0.77269055,13
0.000497274,0.91556696,0.033844694,0.020806117,600711,16,8.620582538,0.46811461,0.077966795,27
0.010211354,0.85870461,0.11601809,0.009579764,600712,11,8.372985235,0.51229185,0.58751035,7
0.036762613,1.0756641,-0.038662813,0.039768683,600713,9,7.411517012,1.4569893,5.0382937,12
-0.002388601,0.70962342,0.12130409,0.02078465,600714,10,8.607289091,0.59150991,0.10771961,9
0.001025933,0.59482277,0.10639836,0.018937957,600715,9,8.950503725,0.6048478,0.84643272,30
0.013179249,0.67818243,0.053251289,0.026878812,600716,14,7.206841724,0.66221105,-0.27270578,19
-0.016084999,0.73496762,0.12775371,0.025333436,600717,15,8.450866534,0.65698149,0.53245179,9
0.002490908,0.76063401,0.049655313,0.021976985,600718,12,8.443930819,0.60971321,0.06038831,9
-0.003312696,0.95055596,0.076797299,0.022301724,600719,9,8.696184877,0.64820535,0.18259708,24
0.00246861,1.0517505,0.071855704,0.028399216,600720,16,6.547381044,0.73579151,0.050325265,21
0.010960732,0.72838827,0.1078587,0.022823643,600721,7,7.532615214,0.68171207,0.1249774,30
0.001287342,0.47820824,0.17778765,0.022932351,600722,16,8.156577321,0.68828062,0.57315586,2
0.010024226,0.80726951,0.048513695,0.025917883,600723,10,7.142992447,0.75047666,0.075337128,23
0.014555207,0.70113132,0.14110949,0.029542036,600724,7,8.037258427,0.8530958,-0.054596631,22
-0.005800423,0.82202871,0.12372618,0.023374045,600725,12,8.319026603,0.73038432,0.9939099,3
0.009443806,0.38483397,0.080428186,-0.000344046,600726,7,9.147683173,0.6406148,1.411449,14
-0.003880368,0.76445782,0.10351114,0.007108052,600727,15,7.770217379,0.57304745,0.76564589,26
-0.00278927,0.95161745,0.035432471,0.027892111,600728,16,7.728505873,0.74247606,1.6095871,25
0.003504586,0.85363678,0.17398994,0.015814227,600729,21,8.85939477,0.72501404,-0.27921123,17
0.014137374,0.91284762,0.02708843,0.03011945,600730,7,6.933696672,0.88030726,1.8086874,5
-0.001033647,0.54534196,0.13783531,0.026233341,600731,18,8.023246743,0.81189543,0.57800517,17
0.010502844,0.76383972,0.083775834,0.02381424,600732,15,8.892953117,0.72109367,-0.36983738,18
0.008911233,0.48011494,0.093350536,0.014750344,600733,15,8.542140913,0.59367898,0.01364851,13
0.019117695,0.89656411,0.077943738,0.012046492,600734,3,7.715648087,0.70571894,-0.44592802,14
0.002054605,0.641523,0.085770059,0.012444932,600735,18,8.892261454,0.49004091,0.045378979,7
-0.01187537,0.78833654,0.054089351,0.02350203,600736,3,8.277856562,0.54019871,-0.078704867,21
0.004748264,0.80457194,0.16093309,0.029865499,600737,16,7.415570937,0.87219946,0.23945341,24
0.015165945,0.54526057,0.14133578,0.00684011,600738,16,6.777944328,0.61892883,0.58549898,9
0.008230694,0.76698107,0.11515719,0.021542623,600739,7,8.096187065,0.59122426,0.29928199,15
-0.004405639,0.5955505,0.14621618,0.02339995,600740,19,8.2224148,0.61707036,0.95141127,17
-0.00565104,0.70898165,0.044519958,0.024157439,600741,10,8.092765362,0.70003269,-0.40965746,6
0.002363942,1.3347546,0.13437038,0.021695776,600742,21,7.129836506,0.74128408,1.7868442,4
0.008790834,0.90754626,0.035178202,0.024827979,600743,12,8.047089045,0.60518417,0.3411725,5
0.021227705,0.587409,0.14583342,0.026969079,600744,4,7.745461919,0.89087282,0.5419986,4
-0.004212539,0.83023943,0.1062594,0.015340717,600745,7,8.556615211,0.50675988,0.18740918,7
0.014141016,0.89192195,0.075691175,0.016946624,600746,8,9.014106072,0.82269966,-1.3932897,9
0.008034611,0.79048745,0.104217,0.027946052,600747,18,8.345417455,0.69877325,0.21598586,17
-0.001849417,1.3144076,0.13096271,0.013083713,600748,19,8.972404679,0.73661618,0.97013585,20
-0.007096686,0.7843112,0.054310327,0.009379496,600749,11,8.88506211,0.62928812,-0.25502745,8
0.002745335,0.81658748,0.11660266,0.020015161,600750,14,9.229635518,0.5833393,1.0265523,19
0.000200016,0.65721822,0.144627,0.026302893,600751,10,8.086196283,0.715272,0.82869491,31
0.005296459,1.2177755,0.21119099,0.020352358,600753,19,7.849295815,0.87685799,1.0337466,17
-0.001872898,0.51083083,0.13480204,0.021598249,600754,16,8.740268932,0.59791008,0.58387641,13
0.013737502,0.58786061,0.14673081,0.02928319,600755,15,7.413558391,0.82905164,2.2446309,14
-0.005547912,0.95008214,0.10742877,0.032440619,600756,4,8.066076853,0.76980818,0.21201947,17
-0.004483659,0.97061005,0.081884244,0.026778692,600757,13,9.413126918,0.69891709,-0.058284514,9
-0.001735572,1.1360414,0.076645207,0.016972604,600758,21,8.653620467,0.74795191,0.82964926,29
0.000746146,0.68525779,0.051703614,0.024829459,600759,10,7.806475795,0.66911211,-0.13772286,14
0.004915219,0.65100289,0.14197489,0.021167971,600760,10,7.657340967,0.73971463,1.0913028,1
0.052249541,0.47995175,0.160358,0.012111655,600761,4,7.408630016,1.3029366,5.116763,23
0.010018387,1.0264229,0.075358706,0.0306012,600763,15,7.369800008,0.68188894,0.19293442,2
0.007831653,0.77038919,0.034842627,0.01676662,600764,10,7.88145368,0.54097497,-0.25882277,28
0.002913707,0.78137359,0.095457489,0.013508923,600765,16,8.763253137,0.4936958,0.034204556,14
0.000348977,0.60628548,0.077947261,0.021686683,600766,18,8.139078653,0.72649655,1.105486,17
-0.001381891,1.0098526,0.031016001,0.029590879,600767,14,8.197903624,0.73874825,-0.20087953,23
0.009077751,1.0693726,0.050892098,0.021590815,600768,12,7.26964732,0.609368,0.2370647,4
-0.047878018,0.001873063,0.045845071,0.065539517,600769,21,8.313354987,3.1515849,7.7591193,7
0.001552053,0.73537306,0.10837683,0.023595528,600770,11,8.375914011,0.7512904,0.002246004,12
0.002188477,0.83463717,0.086552095,0.003732956,600771,16,8.204151464,0.46425658,-0.29054488,20
0.037188702,0.57709293,0.17280086,0.027165239,600773,16,7.751743798,1.0131168,-0.087655572,4
-0.000387256,0.78174966,0.10875439,0.029274473,600774,15,8.189621578,0.76336211,0.6816682,7
-0.001423851,0.58812897,0.16558082,0.024123928,600775,15,7.26500047,0.78064227,1.8060102,23
0.012713778,0.55455159,0.18613532,0.021715939,600776,8,7.521743499,0.70548965,0.2954986,14
0.002341136,0.97860865,0.088686319,0.023700447,600777,16,8.113224194,0.58193192,-0.2393894,21
-0.003598183,0.65828686,0.081917722,0.017734123,600778,3,7.224667022,0.56135785,-0.24724717,18
-0.006051831,0.78439106,0.079169696,0.024037882,600779,12,8.108434445,0.60876509,0.16771247,15
0.004546433,0.95753615,0.055632113,0.024454017,600780,4,8.518117544,0.6967114,-0.61070128,17
0.009027823,0.80116014,0.12216102,0.020021408,600781,9,7.819210981,0.84438115,0.020502952,8
0.010823048,0.6892969,0.26091472,0.033704284,600782,9,7.937885494,0.91453295,1.0567783,14
0.000672428,0.79219041,0.090214055,0.024235976,600783,21,7.73600513,0.59580269,0.014099717,14
0.004225201,0.8771342,0.071182555,0.026286075,600784,16,7.782992281,0.66418867,0.056915497,11
-0.005348885,0.89181975,0.12176564,0.02732839,600785,14,8.859546969,0.68046568,1.4757647,19
0.002838937,0.84288855,0.12093294,0.020658053,600787,11,8.976548073,0.57889151,0.14157589,14
-0.004422521,0.91370203,0.098816622,0.024035591,600789,21,8.272320156,0.59052714,0.3155033,23
-0.003692206,1.008869,0.025661759,0.009517586,600790,18,8.618673063,0.52952696,-0.23323727,2
0.01289693,0.64314318,0.10984465,0.012232717,600791,9,8.987303003,0.60304255,0.27725987,22
0.017745805,0.60491123,0.1311767,0.022640478,600792,6,7.602955401,0.77300871,-0.063701687,18
0.003169518,1.1391725,0.061678798,0.02682341,600793,6,7.980939976,0.69537112,0.053060943,22
0.008143357,0.97715763,0.12435923,0.034348189,600794,12,8.020239703,0.80957956,0.43298083,9
-0.001731659,0.72574728,0.17791731,0.016046592,600795,11,8.393528075,0.65640402,1.0325231,23
0.004401741,0.44823574,0.093648503,0.013107047,600796,15,7.043116334,0.52254354,0.33782464,23
0.001715125,0.71518665,0.085926908,0.014485209,600797,14,8.637616578,0.59851024,0.053152011,23
0.008464213,0.68668319,0.11336132,0.018039094,600798,21,8.960616806,0.54629096,-0.14737257,19
0.000301032,0.7173345,0.18043145,0.016721085,600800,9,8.762744382,0.58275776,0.58119947,4
0.018753994,0.82962726,0.084520193,0.026014401,600801,9,8.218181312,0.69393548,0.21166033,13
-0.01026609,0.81882571,-0.059158717,0.021417161,600802,7,7.227999624,0.94505287,-0.71414667,30
0.021966462,0.70045944,0.084915774,0.027924602,600803,9,6.767244801,0.65961771,-0.22818752,18
0.017192699,0.63517461,0.069993044,0.022221558,600804,21,7.684381702,0.65612947,-0.40175021,7
0.00136562,0.3944719,0.076619652,0.001816061,600805,10,9.897458514,0.54699012,0.58600115,22
0.009783761,0.60676763,0.061417898,0.024442884,600806,16,8.458099532,0.63892161,-0.029468106,14
-0.001425068,0.6834563,0.10000416,0.022636344,600807,9,9.572315137,0.61048,-0.51960865,1
0.005517873,0.61840451,0.094494772,0.015902809,600808,3,8.308839282,0.52547486,-0.052659053,15
0.015520568,0.83444387,0.15851416,0.020914155,600809,7,8.523625142,0.79997665,0.8161782,31
0.004992565,0.68995423,0.12941791,0.012933948,600810,21,7.175970011,0.60598239,0.018262655,3
-0.009673197,0.79373058,0.15535401,0.01804476,600811,11,8.577766254,0.64893873,0.41028772,30
0.000545684,0.74901363,0.092969364,0.026585641,600812,16,8.295011477,0.6968397,-0.007032247,23
0.013048117,0.95587833,0.13877988,0.026128496,600814,10,8.24004177,0.78731053,0.93493467,13
-0.005138926,0.90406144,0.10362394,0.017913503,600815,17,8.975710353,0.59905518,0.37822943,17
0.004175835,1.3306086,0.12658581,0.015977979,600816,21,7.734311613,0.73503906,1.8131893,17
0.002736485,1.025566,0.12331945,0.029816998,600817,10,7.543651771,0.6743674,0.17057161,17
0.013256432,0.81638707,0.066040365,0.004070437,600818,9,10.18157377,0.505486,-0.40576615,17
0.006994148,0.6326954,0.14617586,0.006396596,600819,13,7.459349149,0.56711654,0.73018565,17
-0.009490042,0.76388342,0.11929856,0.017206769,600820,16,8.333686132,0.53937388,0.18723373,19
0.001086442,0.95204927,0.13837657,0.013737911,600821,16,9.455147798,0.6630732,0.47975144,17
0.010340561,0.57885365,0.13360074,0.018933224,600822,18,9.565427135,0.62128491,0.34647895,17
0.001629803,0.77701159,0.057123988,0.015239139,600823,16,8.076030686,0.41705881,0.1383952,17
0.001131429,0.7862234,0.1272942,0.024506493,600824,16,8.617308571,0.62140538,0.42204173,17
0.011628309,0.62900765,0.30870861,-0.000196719,600825,16,8.757833781,1.0463346,3.7443505,17
0.004626113,0.84515319,0.093991557,0.026640394,600826,16,7.376662182,0.67789314,-0.57655904,17
-0.000693949,0.74487521,0.072380164,0.029192564,600827,16,7.291725621,0.88288664,1.7350387,18
0.006734494,0.82806324,0.08211928,0.025290701,600828,9,7.503118613,0.70700567,0.30922129,3
0.006758342,0.4271477,0.13334775,0.008963287,600829,16,8.637443386,0.46165797,0.60272623,23
0.008288928,0.78970075,0.10920311,0.022138665,600830,20,8.620246191,0.66626958,0.12419945,16
0.010282486,0.87394204,0.017682937,0.02269804,600831,21,7.134322961,0.5578741,0.019571785,17
0.006286249,0.9116044,0.097873545,0.019468146,600832,16,8.285063586,0.70044021,0.93093525,17
0.014619418,0.44009077,0.085416567,0.01075776,600833,12,8.687869825,0.50472348,-0.28120779,17
0.008098138,0.55087597,0.10471142,0.008877923,600834,10,7.793933753,0.57392394,-0.17707602,17
-0.000696461,0.90334113,0.087623073,0.020249816,600835,6,7.83736263,0.60151629,1.2506829,17
0.00835212,0.6304535,0.076202157,0.012786472,600836,16,7.703075671,0.51729708,-0.56636847,17
0.002309024,0.54405545,0.10982405,0.018199954,600837,16,6.756110331,0.62052904,0.33636775,17
0.019039737,0.32761304,0.097570663,0.008099429,600838,8,7.163917891,0.52770878,0.14958046,18
-0.000727688,0.81496491,0.13112254,0.02142587,600839,10,8.765772182,0.72322735,-0.55662907,17
0.017503221,0.63014843,0.089076215,0.008499992,600841,11,8.099202687,0.70899062,-0.061747212,17
0.004869927,0.52997298,0.05684064,0.006212568,600842,10,9.374823092,0.4601078,0.14662497,17
0.013645004,0.52992788,0.070792238,0.0259832,600843,1,7.748799052,0.5422292,0.11719091,17
0.013311266,0.57356503,0.054232267,0.018099321,600844,15,7.995825394,0.52973295,-0.067187638,17
0.007870629,0.81759512,0.11818283,0.016643048,600845,21,8.566077675,0.58852289,-0.48636928,17
0.001527416,0.5709593,0.012261797,0.032734518,600846,10,8.540514308,0.83272284,-0.058980433,25
0.006629542,-0.1461805,0.32632565,-0.01593598,600847,10,10.31919047,1.3573358,3.9598824,17
0.003638478,0.62549874,0.073751679,0.017553044,600848,11,8.763792782,0.61056192,0.05184247,17
-0.000767167,0.55174699,0.11611001,0.011294385,600850,15,9.774821846,0.5143933,-0.03330257,17
-0.003062661,0.97150548,0.036372,0.022450927,600851,4,6.782528303,0.57839621,-0.023134231,17
0.003168704,0.55570835,0.14118661,0.028837506,600853,13,7.687547203,0.95132163,2.3064894,3
0.002390717,0.90399614,0.041380142,0.026674524,600854,10,7.242300446,0.65331524,0.13225749,7
0.009641844,0.73501241,0.10385834,0.031059109,600855,10,6.952676253,0.77018159,0.045126199,2
0.006162042,0.69450929,0.051103094,0.016001326,600856,16,6.153506013,0.54600507,-0.30056162,6
-0.004373199,0.90822778,0.043769723,0.026005221,600857,15,8.600536287,0.64396868,0.7657752,23
0.001246871,0.77964098,0.084544401,0.028415827,600858,21,6.557752455,0.5912041,0.49225653,14
0.007237834,0.67603002,0.16612352,0.028649462,600859,16,7.503023884,0.7785102,0.47975928,2
-0.005049813,0.73415078,0.1030677,0.028829618,600860,10,7.71034203,0.70657999,0.088724827,2
0.007009547,0.77357011,0.13498436,0.020288174,600861,16,9.26046203,0.75773553,0.64042848,2
-0.012420838,0.79375366,0.10079883,0.033215596,600863,12,8.790355424,0.62813106,0.24766155,10
-0.007785225,0.76825669,0.12053145,0.023800932,600864,12,8.408040026,0.692722,1.2351647,3
0.010170023,0.77679804,0.076351934,0.039383,600865,16,8.716471909,0.90360874,1.4711463,23
0.007295927,1.0107688,0.063344233,0.026721215,600866,11,8.268469593,0.75000765,0.76664302,26
0.003906098,0.65138529,0.12831012,0.026876144,600867,11,7.846176241,0.65474691,0.57815628,6
0.006392729,0.51545003,0.083219125,0.017988089,600868,21,7.105475745,0.8876108,3.8927752,26
0.006571913,0.85965222,0.086732045,0.001825287,600869,11,7.458134714,0.53664306,2.2400282,12
-0.004804937,0.76894508,0.082665911,0.028670565,600870,8,7.871006197,0.68859315,0.20022645,13
0.007762037,0.52501706,0.10034851,0.014554207,600871,7,8.319357941,0.53408017,-0.46197648,7
0.000449866,0.63522275,0.13773523,0.015339156,600872,21,9.083425601,0.57705219,-0.30918423,26
0.027636879,0.88282272,0.14587165,0.016024159,600873,10,8.06421988,0.72995948,1.3965559,20
0.004393637,0.42919138,0.17932566,0.012437812,600874,19,7.562477434,0.51933779,-1.1588219,19
0.009096648,0.65628472,0.15492818,0.021974844,600875,10,8.971180885,0.68056561,0.20895939,18
0.002033993,0.44893825,0.081668481,0.015085699,600876,9,8.347106712,0.58541831,1.0809323,31
-0.007664904,0.50806289,0.16450131,0.019303409,600877,10,10.03117018,0.69205314,0.93134846,25
0.011738226,0.70406829,0.15172718,0.03092192,600879,10,6.898306338,1.0577141,3.4975334,4
-0.001863636,0.65911891,0.090985924,0.03068741,600880,20,8.327335034,0.91442879,-0.13234962,18
0.006782143,0.59936253,0.14354343,0.00903382,600881,9,8.344611401,0.58058915,0.21290333,6
-0.000847261,0.74385921,0.17268195,0.01717331,600882,7,9.263299738,0.85884798,2.2044962,14
-0.009104032,0.91884518,0.069623988,0.037344246,600883,21,7.655987531,0.79731815,0.41949734,22
-0.003493888,0.68751266,0.078106763,0.017839077,600884,4,8.874236206,0.62364227,-0.1249838,23
0.003325754,0.96405521,0.088292389,0.007875342,600885,7,7.781881866,0.67803472,0.40629945,4
0.003769808,0.85987303,0.11082183,0.027657361,600886,12,7.45122978,0.62894652,0.15178484,24
0.004145914,0.49307228,0.18075482,0.023387321,600887,3,9.045947877,0.69778895,1.042947,10
0.01736177,0.4405611,0.14638108,0.006127151,600888,9,8.97928508,0.5825145,-0.50994188,21
0.007022763,0.54516859,0.057922431,0.008927729,600889,7,7.485764747,0.5367842,1.2365633,7
0.003465886,1.0943766,0.16531958,0.008414381,600890,10,9.538220228,0.5933739,1.6819151,2
-0.000318602,0.86615594,0.069387068,0.020707401,600891,16,8.070825586,0.53897914,0.15538061,3
-0.014004007,0.98409795,0.096219977,0.034651272,600892,10,7.961377105,0.78229458,0.7524002,30
-0.009417276,0.88052916,0.13196647,0.02160743,600893,3,8.724104461,0.6865989,1.2368484,6
0.003056581,0.96292479,-0.000380707,0.032014368,600894,9,8.22272218,0.76423719,0.96186249,26
0.005835572,0.39918528,0.12827118,-0.001027357,600895,21,8.711432845,0.55902264,0.15284079,17
0.014376727,0.62664291,0.036212671,0.001903257,600896,14,8.794040059,0.48367079,-1.0861233,29
0.011920045,0.78456534,0.052949997,0.015402581,600897,14,7.555081376,0.59812431,-0.079652542,13
-0.002112469,0.95544283,0.085680084,0.027394636,600898,16,8.103556799,0.61429102,-0.32498807,14
0.022784809,0.50617762,0.22879327,0.023048313,600900,12,8.188497134,0.93518655,-1.4316073,2
0.010180439,0.84171255,0.11775265,0.029481557,600960,10,7.853902594,0.7290084,-0.18123381,14
0.010239694,0.63420077,0.18763114,0.026199683,600961,9,5.859216531,0.89411915,1.0695277,5
0.00553869,1.0993139,0.087775845,0.012999618,600962,1,7.836681209,0.82902954,1.8992767,2
-0.010981176,0.77276198,0.093797733,0.021215685,600963,6,8.779638422,0.68857338,-0.23473591,5
0.011756313,0.62285751,0.12864919,0.006949206,600965,1,9.075935638,0.54548422,0.28507416,30
0.004897529,0.88748009,0.10104524,0.012742751,600966,6,8.74022208,0.62207548,0.25092224,14
0.000603335,0.5626813,0.045463786,0.009650386,600967,10,7.533962283,0.48888169,0.46689163,10
-0.025341887,0.65869727,-0.008187265,0.041730028,600969,12,8.532616104,1.2009856,1.1541264,5
0.005434227,0.37621057,0.061233048,-0.004665653,600970,13,10.66028972,0.36529529,-0.18386427,7
-0.049076823,0.65855171,0.066183677,0.033109175,600971,2,7.916289238,0.90010552,1.56367,1
0.026799289,0.97263211,0.16832412,0.012737154,600973,15,9.015008394,0.90724455,-0.23091962,7
0.012040296,0.72240427,0.06685688,0.039365076,600975,1,8.287866942,0.84464457,0.029460429,5
0.026590584,0.85540812,0.044424645,0.006282185,600976,11,9.144314868,0.70155462,-0.5397173,4
-0.009029138,0.87256491,-0.012230031,0.044154119,600978,5,8.805057172,0.98046898,1.2897631,26
0.012017782,0.69796504,0.056753797,0.022278625,600979,12,8.895994218,0.59947262,-0.045239921,18
0.006391133,0.70867359,0.062467216,0.038539714,600980,8,8.19089688,0.91928443,0.77309827,2
-0.060397524,0.75335772,0.048335169,0.050038827,600981,16,7.986478349,1.1086413,3.2826296,7
0.076700381,-0.36858037,0.083624515,-0.034348225,600982,12,7.407053598,1.5442964,4.9984386,23
-0.018074664,0.88006598,0.08985029,0.017474373,600983,8,8.196218982,1.157184,2.1600888,1
0.004559751,0.8578074,0.13644695,0.013534819,600984,10,8.116856869,0.60831595,0.23741743,16
0.009563838,0.63440718,0.002182872,0.031499992,600985,7,8.440941647,0.71769365,0.45684681,1
-0.017188869,0.60804145,0.031384877,0.034225551,600986,13,8.098449421,0.68551116,0.53683854,14
0.046659988,0.73920646,0.069412689,0.018966301,600987,4,9.351380975,0.66833311,-0.48648339,23
-0.002649113,0.75403547,0.024209256,0.033737869,600988,10,8.262211596,0.67899773,0.35350318,26
0.001146907,0.80658485,-0.067611856,0.042655465,600990,15,8.010233618,1.2400038,2.8910065,1
0.024243573,0.4776071,0.15933957,0.023556886,600991,10,8.755893947,0.75034646,0.50346602,5
-0.016737749,0.6036805,0.06934593,0.020675692,600992,9,7.825122511,0.84068906,2.2615961,28
-0.006017392,0.73387263,0.048863745,0.033974648,600993,11,8.239740672,0.70060509,0.11025912,4
0.00649674,1.0546086,0.10801749,0.04528149,600995,12,7.405799386,0.84631459,-0.068749985,22
-0.01191374,0.75469976,0.040860973,0.044157783,600997,17,7.840003727,0.77370282,0.13636215,26
-0.01493792,0.89383424,0.081562076,0.029338621,600999,2,8.19000781,0.74443254,-0.28302482,30
0.001416322,0.683146,0.10089879,0.027395672,601001,2,8.488182254,0.59994933,0.085612715,15
-0.014898061,1.262004,-0.005158025,0.049052563,601002,10,6.892944966,1.1374298,1.4639356,23
-0.02729234,0.78483655,0.050155174,0.04159746,601003,9,6.863622717,1.0867897,2.3256859,27
0.003191404,0.87155647,0.09092917,0.036577924,601005,9,8.33472504,0.82147838,0.14456352,25
-0.007985113,0.80113366,0.027845458,0.035752382,601006,14,8.100551325,0.63536275,0.2366796,15
0.018070851,0.53572075,0.048556882,0.018172637,601007,19,6.90403835,0.72781186,0.35970897,7
-0.002881534,0.91646607,-0.050655123,0.006165848,601008,14,8.582150269,0.81215683,1.3542053,7
-0.008426073,0.82749077,0.050897566,0.020045487,601009,17,9.2182132,0.80445968,0.28113517,7
-0.015476072,1.1892178,0.016546505,0.03890125,601099,17,9.387012249,0.97254827,-0.1870732,22
-0.002179135,0.62886625,0.028741213,0.021421608,601107,14,9.104712598,0.7352955,0.69236979,18
-0.011290319,1.3748459,0.048596462,0.025314625,601111,14,9.295903843,0.78915055,-0.15561564,2
0.024313256,0.36647801,0.060254894,-0.004584421,601166,17,10.85181311,0.48206799,0.083108878,13
0.073354196,0.91754968,0.18912518,0.02032381,601168,2,8.470715106,2.1645337,4.786768,12
0.010824772,0.70550468,0.021258582,0.017199413,601169,17,8.482507664,0.40413047,-0.73778998,2
-0.012686454,0.86595862,0.041905936,0.005373953,601186,13,9.638582438,0.38536385,-0.17439041,2
-0.022682853,1.0982419,0.11078976,-0.044054891,601318,17,10.30902066,1.0568262,2.6402682,26
0.044292994,0.9682854,0.072205479,-0.034378754,601328,17,9.075067235,0.69886862,0.11830835,17
0.023668517,0.93782578,0.1041012,0.015942184,601390,13,10.74201376,0.79764154,-0.99511049,2
-0.04600784,1.5367744,0.047648235,0.023303689,601588,18,10.12776342,0.68971667,0.63135799,2
-0.051647841,2.9122003,-0.1817157,0.070865091,601600,9,10.64082079,1.9736252,3.7822043,2
0.008774935,0.71882771,0.061047955,-0.004001961,601601,17,10.32969338,0.43058086,-0.12960411,17
-0.000240763,0.38781737,-0.03029038,-0.002007755,601618,13,11.0977833,0.44606561,0.26880593,2
0.012900477,1.209346,0.067435321,-0.009255126,601628,17,10.28182878,0.57614553,-0.37093418,2
0.031116005,0.81763531,0.096567573,-0.013585982,601666,2,11.09414305,0.98321519,2.3280901,31
0.011941308,0.57399795,0.061274919,0.005131326,601668,13,10.86738466,0.36841676,-0.52467379,2
0.087003981,0.66778872,0.003838066,-0.00988407,601699,2,11.59383306,1.0361935,2.7124573,15
-0.009672906,0.97178307,-0.02700078,-0.00481392,601727,22,12.35066166,0.29966141,1.0156776,17
0.007250965,0.86576921,0.16491294,0.020979631,601766,22,10.71103476,1.0677022,0.82273003,2
0.006451535,1.5038649,0.061040262,0.010824412,601788,17,10.61918508,0.65752401,0.19600623,17
-0.003298584,1.3002189,0.029780693,-0.00774452,601808,2,10.28089918,0.30384871,-0.19651952,19
0.051469571,0.35038202,0.31019744,-0.046850035,601866,14,10.1195971,1.0726144,2.6107532,17
-0.032604425,1.1490588,0.012638065,0.031196446,601872,14,9.592427328,0.7829608,-0.22252814,17
-0.01336268,1.1542774,0.015490529,0.026304745,601898,2,9.084910201,0.92215349,-0.27718547,2
-0.073924736,0.9336185,0.020253064,0.040802361,601899,2,10.51212882,0.63993162,-1.3276493,13
-0.22163547,0.71214778,-0.79376545,0.056255831,601918,12,11.85931232,1.2748537,3.0764393,1
-0.000200658,1.3500935,-0.07466338,0.018694951,601939,17,9.319589497,0.5202174,-1.0073985,2
-0.034808746,0.38440134,0.013873454,0.015604741,601958,2,10.84722204,1.3184977,3.6588379,16
0.092149574,0.85582317,0.029041987,0.000983329,601988,17,10.9676632,1.2525971,2.6728912,2
0.029897261,0.96686862,0.13148405,-0.01538992,601991,12,10.30702013,0.56144686,1.8820324,2
